OPDEF1,count(1)
 ME 19-21 ,1
 ME 24-21,1
 ME 25/26/27- 22,1
 OPDEF ME 25-20,1
 WE 07-22 220849ZFEB22,1
 WE 28/21,1
00,1
002-21,1
004-23,2
008-21,1
008-22,1
01-22,1
01-23,1
01-23 - 241028Z JAN 23,1
011-20,1
02-19,1
02-20,1
02-22,1
02-23 - 241039Z JAN 23,1
021906ZFEB21 ME 01-21,1
03-21,1
03-22,1
03-23,1
030-23,1
04-21,2
04-23,2
05-21,1
05-23,3
05-23 (121939ZJAN23),1
050855Z APR 22 12-22,1
050855Z APR 22 WE 12-22,1
051-22,1
051-23,1
056-22,1
056-23,1
058-22,1
058-23,1
059-22,1
06-22,1
06-23,4
06-23 C2,1
067-23,1
07-21,2
07-22,1
07-22 220849ZFEB22,1
07-23,2
07/21,1
08,1
"08, 21, 36, 20- 22",1
09-21,1
09-22,1
09-23,3
099-22,1
1 AGRM ME OPDEF 47-20,1
10-22,2
10-23,2
100-23,1
101-20,1
104-22,2
104-23,2
105-22,2
11-21 600V Elvi Unit,1
11-22,1
11-23,1
110-22,1
110831A JUL 23 WE 10-23,1
12-21,1
12-22,1
12/22,1
120-23,1
1210,1
125-20,1
"125/20, 126/20 & 127/20",1
1310,1
1312,1
132/22,1
136-22,1
138-21,1
14-22,1
14-23,2
145-20,1
15-23,1
151921Z MAR 21,1
16-22,2
1610,1
161919Z Jun23,1
17-21,2
17-23,3
171-23,1
18-22,2
18-23,2
19-21,1
19-22,1
19-23,2
20-22,2
2012,1
21-21,1
21-22,2
21-23,2
23-21,1
23-22,2
23-23,1
24-21,2
24-22,1
24-23   101435Z MAY 23 ,1
25-22,3
25-23 101628Z MAY 23,1
26-21,1
26/22,1
261527Z MAY 20 WE26-20,1
27-22,1
27-23,1
270855Z JUN 22 WE 40-22,1
271410 APR 22,1
28-22,1
28-23,2
30-23,1
31-22,2
31-23,1
3110,1
32-23,1
33-23,1
34-21,2
34-22,1
3410,1
3411,1
"35,36,92,93-22 refer",1
"35-23, 08-22",1
"36,38,39,40-21",1
3612,1
37-22,1
3712,1
38-23,1
3810,1
39-22,1
40-22,1
40-23,2
41-21,1
41-23,1
41/21,1
410,1
42-22,1
43-22,1
43-23,1
44-20,1
44-21,1
"44-21, 42-21, 03-21",1
45-23,1
46-21,1
47 - 23,1
47-20 192051ZOCT 20,1
47-22,1
47-23,1
48-21,1
48-22,1
49-23,3
50-21 DTG301448Z AUG 21,1
50-22,1
50-22 281335Z SEP 22,1
50/21,1
5010,2
51-20,1
51-22,1
51-22 & 53-22,1
52-20,1
53/22,1
54 - 22 REFERS,1
54-20 DAVIT BRAKE ASSY,1
54-21,1
55-20,1
55-22,1
55-22 271519ZOCT22,2
55-23 STBD GAS TURBINE,1
56-21,1
56-22 301828Z OCT 22,1
56-23,1
"57-22, 88-22, 89-22(B1)",1
58-21,1
5810,1
59-21,1
60-21,1
60-22,1
60-22 051256Z AUG 22,1
60/21,1
61-22,1
61-22 and 124-22,1
61-23,2
62-22 241532Z NOV 22,1
62-23,1
63-20,1
63-21,2
63-22,1
64-023,1
"64-21, 48-21",1
64-22 and 59-22 ,1
6410,1
65-20,1
65-23,1
66-20,1
66-23,1
67-22,2
67-23,2
68-22,2
69-22,2
69/21,1
70-20,1
70-21 B1 071100Z Sep 21,1
70-22,1
70-23,1
71-23,1
7110,1
72-23,1
7212,1
73-22,1
74-22,1
75-22,1
76-22,3
77-23 021711Z AUG 23,1
7710,1
78-20,2
78-21,4
78-22,3
79-22,1
79-23,1
810,1
812,1
82/21,1
83-20,1
83-22,1
85-22,1
86-22,2
86-22 SME SW Cooling C2,1
86-23,1
88-22,1
"88-22, 89-22",1
89-23,1
90-23,1
91-22,3
91-23,1
92-22,1
93-21,1
95-22,1
97/21 and 79/22,1
A1 OPDEF ME 63-23,1
A2 55-23 162203Z SEP 23,1
ALBION WE 037-21,1
ALBION WE 058-20,1
"ALBN ME 94-22, 100-18, ",1
ALBN OPDEF WE 057-23,1
ARGL ME OPDEF 111-20,3
ARGL OP OPDEF 17-20,1
ARGL WE 67-20 (A2),1
ARGYLL OP07-19 SITREP 1,1
Albon ME 36-22,1
As Above,1
BNGNR OPDEF ME 22-21,1
BNGR OPDEF ME 13/23,1
BNGR OPDEF WE 023-23,1
BROC WE 62-20 ,1
Bangor OPDEF WE 31-22,3
Bulwark ME 002-15,1
CHID OPDEF WE 14-21,1
CHID OPDEF WE 78-21,1
DEFREP 42-17,1
DEFREP ME 04-22,1
DEFREP ME 17-22,1
DEFREP ME 23-22,1
DEFREP WE 12-21,1
DFND  OPDEF WE 48-22,1
DFND WE 31-21,1
DFND WE 38-21,1
DFND WE 82-21,1
DFND WE OP OPDEF 05-22 ,1
DFND: WE OPDEF 26/22,1
DMND ME 124/20,1
DMND OP OPEF 13/20,2
DMND WE 39-23,1
DMND WE 43-20 ,1
DMND WE 63-23,1
DNCN  OPDEF ME 30-22 01,1
DNCN ME 21-21,1
"DNCN ME 33-22, 39-22 ",1
DNCN WE 25-23,1
DNCN WE 41-22,1
DNTL ME 38-20 and 37-20,1
DNTL OPDEF WE 111-23,1
DNTL OPDEF WE 114-23,1
DNTL WE 42-22 ,1
DNTL WE 71-22,1
DNTL WE OPDEF 108-23,1
DNTLME 162-23 ,1
DNTLWE68-23 ,1
DRAGON WE 15-20,1
DRAGON WE 56-20,2
DRAGON WE 68-20,1
DRGN ME 22-20,1
DRGN ME 57-20,1
DRGN WE 101-20,1
DRGN WE 102-20,1
DRGN WE 64-19,1
DRGN WE 99-20,1
DRGN WE OPDEF 53-21,1
DTG 290041Z SEP 22,1
DUNCAN OPDEF WE 14-23,1
ECHO ME 22-21,1
ECHO ME 77-20,1
ECHO ME 86-20 DTG 23142,1
ECHO OPDEF WE 02-22,1
ENTP ME 52-22,1
ENTP ME OPDEF 46-22,1
ENTP OPDEF/ME 25-22,1
FRTH 10-23,1
FSUMCM WE 01-20 (A2),1
GTA1 – OPDEF ME 023-2,1
GTA2 – OPDEF ME 118-2,1
HMS ALBION ME 36-23 A2,1
HMS ALBION WE 009-21,1
HMS ALBION WE 71-22,1
HMS ALBN WEOPDEF 053-20,1
HMS BANGOR ME 40/23,1
HMS DNCN ME 71-23,1
HMS DNTL OPDEF 65-22,1
HMS DUNCAN WE 57-23,1
HMS Echo ME 04/21 B2,1
HMS Enterprise ME 04-23,1
HMS HURWORTH ME 71-22,1
HMS LANC OPDEF WE 14-23,1
HMS LANC WE 16-23,1
HMS LANC WE OPDEF 23-23,1
HMS MERSEY ME22-23 (C3),1
HMS MRSY OPDEF ME 26-20,4
HMS MTRO ME 116 &117-20,1
HMS MTRO WE 27-22,1
HMS NORT ME OPDEF 72-21,1
HMS PEMB ME OPDEF 02-21,1
HMS PEMB ME39-20,1
HMS PORTLAND WE 32-22,1
HMS PORTLOP OPDEF 11-22,1
HMS PRTR OPDEF ME 53-23,1
HMS PTLD WE OPDEF 59-22,1
HMS PWLS Opdef WE 21-20,1
HMS PWLS WE 03-20,1
HMS QNLZ OPDEF ME106-21,1
HMS SOMERSET WE 72-22,1
HMS SOMERSET WE 74-22,1
HMS TAMAR ME 13-21,1
HMS WSTR WE 03-22,1
HMSALBN OPDEF WE072-19 ,1
HMSALBN WEOPDEF 081-19,1
HMSDMND ME 40-23,1
HMSIRDK WE 16-23,1
HMSKENT-ME 62-22,1
HMSMDWY OPDEF 08-23 B2,1
HMSMDWY OPDEF WE 21-23 ,1
HMSMTRO OPDEF WE 37-22,1
HMSPTLD WE OPDEF 21-21,1
HMSQNLZ OPDEF WE3 6-21 ,1
HURW OPDEF ME 35-22,2
HURW OPDEF ME 40-22,1
Hurw ME 61-22,1
ISCSLU0000000069,2800
ISCSLU0000000069000109,2
ISCSLU0000000069000110,1
ISCSLU0000000069000112,2
ISCSLU0000000069000113,2
ISCSLU0000000069000209,1
ISCSLU0000000069000210,1
ISCSLU0000000069000211,1
ISCSLU0000000069000310,1
ISCSLU0000000069000312,1
ISCSLU0000000069000410,1
ISCSLU0000000069000411,1
ISCSLU0000000069000412,1
ISCSLU0000000069000413,1
ISCSLU0000000069000510,1
ISCSLU0000000069000511,1
ISCSLU0000000069000512,1
ISCSLU0000000069000610,1
ISCSLU0000000069000612,3
ISCSLU0000000069000709,1
ISCSLU0000000069000711,1
ISCSLU0000000069000712,2
ISCSLU0000000069000810,1
ISCSLU0000000069000812,1
ISCSLU0000000069000911,1
ISCSLU0000000069001011,2
ISCSLU0000000069001012,1
ISCSLU0000000069001111,1
ISCSLU0000000069001210,1
ISCSLU0000000069001211,1
ISCSLU0000000069001213,1
ISCSLU0000000069001310,1
ISCSLU0000000069001311,4
ISCSLU0000000069001312,1
ISCSLU0000000069001313,1
ISCSLU0000000069001410,1
ISCSLU0000000069001413,2
ISCSLU0000000069001511,1
ISCSLU0000000069001512,3
ISCSLU0000000069001610,2
ISCSLU0000000069001611,2
ISCSLU0000000069001710,1
ISCSLU0000000069001711,2
ISCSLU0000000069001810,2
ISCSLU0000000069001812,1
ISCSLU0000000069001813,1
ISCSLU0000000069001910,1
ISCSLU0000000069001911,3
ISCSLU0000000069001912,3
ISCSLU0000000069002010,1
ISCSLU0000000069002011,1
ISCSLU0000000069002110,1
ISCSLU0000000069002111,2
ISCSLU0000000069002112,1
ISCSLU0000000069002210,2
ISCSLU0000000069002211,1
ISCSLU0000000069002310,2
ISCSLU0000000069002311,2
ISCSLU0000000069002313,1
ISCSLU0000000069002410,2
ISCSLU0000000069002411,1
ISCSLU0000000069002413,1
ISCSLU0000000069002510,1
ISCSLU0000000069002610,1
ISCSLU0000000069002611,3
ISCSLU0000000069002613,1
ISCSLU0000000069002710,1
ISCSLU0000000069002711,2
ISCSLU0000000069002712,1
ISCSLU0000000069002713,1
ISCSLU0000000069002810,2
ISCSLU0000000069002811,2
ISCSLU0000000069002910,1
ISCSLU0000000069002911,2
ISCSLU0000000069002912,1
ISCSLU0000000069003003,1
ISCSLU0000000069003010,2
ISCSLU0000000069003011,2
ISCSLU0000000069003110,1
ISCSLU0000000069003111,3
ISCSLU0000000069003112,1
ISCSLU0000000069003210,1
ISCSLU0000000069003211,1
ISCSLU0000000069003310,2
ISCSLU0000000069003311,1
ISCSLU0000000069003410,2
ISCSLU0000000069003411,2
ISCSLU0000000069003412,1
ISCSLU0000000069003510,1
ISCSLU0000000069003511,1
ISCSLU0000000069003512,1
ISCSLU0000000069003610,1
ISCSLU0000000069003611,2
ISCSLU0000000069003710,2
ISCSLU0000000069003711,2
ISCSLU0000000069003810,2
ISCSLU0000000069003811,1
ISCSLU0000000069003910,1
ISCSLU0000000069003911,1
ISCSLU0000000069004010,1
ISCSLU0000000069004011,3
ISCSLU0000000069004012,1
ISCSLU0000000069004110,1
ISCSLU0000000069004111,1
ISCSLU0000000069004210,5
ISCSLU0000000069004211,1
ISCSLU0000000069004310,1
ISCSLU0000000069004311,1
ISCSLU0000000069004410,1
ISCSLU0000000069004411,3
ISCSLU0000000069004510,1
ISCSLU0000000069004511,1
ISCSLU0000000069004610,1
ISCSLU0000000069004710,1
ISCSLU0000000069004711,1
ISCSLU0000000069004810,1
ISCSLU0000000069004811,1
ISCSLU0000000069004910,1
ISCSLU0000000069005010,1
ISCSLU0000000069005012,1
ISCSLU0000000069005110,1
ISCSLU0000000069005112,1
ISCSLU0000000069005210,1
ISCSLU0000000069005310,1
ISCSLU0000000069005411,1
ISCSLU0000000069005510,1
ISCSLU0000000069005611,1
ISCSLU0000000069005710,1
ISCSLU0000000069005810,1
ISCSLU0000000069005910,4
ISCSLU0000000069005911,1
ISCSLU0000000069006010,1
ISCSLU0000000069006210,1
ISCSLU0000000069006310,1
ISCSLU0000000069006410,1
ISCSLU0000000069006510,1
ISCSLU0000000069006610,1
ISCSLU0000000069006710,1
ISCSLU0000000069006711,1
ISCSLU0000000069006810,1
ISCSLU0000000069007010,1
ISCSLU0000000069007110,1
ISCSLU0000000069007310,1
ISCSLU0000000069007611,1
ISCSLU00000000690512,1
ISCSLU00000000690712,1
ISCSLU000000006910,1
ISCSLU0000000069100108,1
ISCSLU0000000069100308,1
ISCSLU0000000069100808,1
ISCSLU00000000691010,1
ISCSLU00000000691012,2
ISCSLU0000000069101408,1
ISCSLU000000006911,1
ISCSLU0000000069110,1
ISCSLU0000000069111,2
ISCSLU00000000691110,4
ISCSLU00000000691111,3
ISCSLU00000000691112,1
ISCSLU00000000691113,1
ISCSLU00000000691210,2
ISCSLU00000000691211,1
ISCSLU00000000691212,1
ISCSLU00000000691310,3
ISCSLU00000000691312,2
ISCSLU00000000691410,2
ISCSLU00000000691411,1
ISCSLU00000000691412,1
ISCSLU00000000691510,1
ISCSLU00000000691511,2
ISCSLU00000000691512,1
ISCSLU00000000691611,2
ISCSLU00000000691612,2
ISCSLU00000000691613,1
ISCSLU00000000691710,1
ISCSLU00000000691711,1
ISCSLU00000000691712,1
ISCSLU00000000691713,1
ISCSLU00000000691810,1
ISCSLU00000000691812,2
ISCSLU00000000691909,1
ISCSLU00000000691910,1
ISCSLU00000000692010,1
ISCSLU00000000692011,4
ISCSLU00000000692012,1
ISCSLU0000000069210,1
ISCSLU0000000069211,2
ISCSLU00000000692110,1
ISCSLU00000000692111,2
ISCSLU00000000692112,3
ISCSLU0000000069212,1
ISCSLU0000000069213,1
ISCSLU00000000692211,2
ISCSLU00000000692309,1
ISCSLU00000000692311,3
ISCSLU00000000692312,2
ISCSLU00000000692313,1
ISCSLU00000000692411,2
ISCSLU00000000692412,1
ISCSLU00000000692511,2
ISCSLU00000000692512,1
ISCSLU00000000692611,2
ISCSLU00000000692710,1
ISCSLU00000000692711,1
ISCSLU00000000692712,1
ISCSLU00000000692810,2
ISCSLU00000000692811,3
ISCSLU00000000692812,1
ISCSLU00000000692910,1
ISCSLU00000000692911,1
ISCSLU00000000693003,1
ISCSLU00000000693010,1
ISCSLU00000000693012,2
ISCSLU0000000069310,1
ISCSLU0000000069311,2
ISCSLU00000000693111,1
ISCSLU0000000069312,2
ISCSLU0000000069313,1
ISCSLU00000000693210,2
ISCSLU00000000693307,1
ISCSLU00000000693310,1
ISCSLU00000000693411,1
ISCSLU00000000693412,1
ISCSLU00000000693510,1
ISCSLU00000000693511,2
ISCSLU00000000693512,1
ISCSLU00000000693513,1
ISCSLU00000000693609,1
ISCSLU00000000693610,1
ISCSLU00000000693611,1
ISCSLU00000000693709,1
ISCSLU00000000693711,1
ISCSLU00000000693712,1
ISCSLU00000000693809,1
ISCSLU00000000693810,1
ISCSLU00000000693811,2
ISCSLU00000000693812,1
ISCSLU00000000693909,1
ISCSLU00000000693910,4
ISCSLU00000000693911,2
ISCSLU00000000694009,3
ISCSLU00000000694010,1
ISCSLU00000000694011,1
ISCSLU00000000694013,1
ISCSLU0000000069410,2
ISCSLU00000000694109,1
ISCSLU0000000069411,2
ISCSLU00000000694110,2
ISCSLU00000000694111,2
ISCSLU0000000069412,1
ISCSLU00000000694209,3
ISCSLU00000000694210,1
ISCSLU00000000694211,2
ISCSLU00000000694308,1
ISCSLU00000000694309,1
ISCSLU00000000694310,4
ISCSLU00000000694311,1
ISCSLU00000000694312,1
ISCSLU00000000694313,1
ISCSLU00000000694409,1
ISCSLU00000000694411,2
ISCSLU00000000694413,1
ISCSLU00000000694509,1
ISCSLU00000000694510,3
ISCSLU00000000694511,1
ISCSLU00000000694512,1
ISCSLU00000000694513,1
ISCSLU00000000694613,1
ISCSLU00000000694709,1
ISCSLU00000000694713,1
ISCSLU00000000694810,3
ISCSLU00000000694813,1
ISCSLU00000000694910,2
ISCSLU00000000694911,1
ISCSLU00000000695010,2
ISCSLU00000000695011,1
ISCSLU0000000069510,2
ISCSLU0000000069511,2
ISCSLU00000000695110,1
ISCSLU00000000695112,1
ISCSLU00000000695211,1
ISCSLU00000000695412,1
ISCSLU00000000695511,1
ISCSLU00000000695512,1
ISCSLU00000000695611,1
ISCSLU00000000695710,1
ISCSLU00000000695711,1
ISCSLU00000000695810,2
ISCSLU00000000695811,2
ISCSLU00000000695812,1
ISCSLU00000000695912,1
ISCSLU00000000696010,1
ISCSLU0000000069610,2
ISCSLU0000000069611,3
ISCSLU0000000069612,1
ISCSLU00000000696211,1
ISCSLU00000000696310,1
ISCSLU00000000696311,2
ISCSLU00000000696411,2
ISCSLU00000000696512,2
ISCSLU00000000696910,1
ISCSLU00000000696911,2
ISCSLU00000000697011,1
ISCSLU0000000069710,1
ISCSLU0000000069711,2
ISCSLU00000000697411,1
ISCSLU00000000697511,1
ISCSLU00000000697512,1
ISCSLU00000000697811,1
ISCSLU0000000069810,4
ISCSLU00000000698112,1
ISCSLU0000000069812,9
ISCSLU00000000698511,1
ISCSLU00000000698811,2
ISCSLU0000000069910,1
ISCSLU0000000069911,1
ISCSLU0000000069912,1
ISCSLU0000000070,1705
ISCSLU0000000070000111,2
ISCSLU0000000070000112,3
ISCSLU0000000070000212,1
ISCSLU0000000070000312,1
ISCSLU0000000070000411,2
ISCSLU0000000070000511,2
ISCSLU0000000070000512,1
ISCSLU0000000070000610,1
ISCSLU0000000070000611,1
ISCSLU0000000070000612,2
ISCSLU0000000070000712,1
ISCSLU0000000070000811,2
ISCSLU0000000070000812,1
ISCSLU0000000070000911,1
ISCSLU0000000070000912,1
ISCSLU0000000070001011,1
ISCSLU0000000070001111,2
ISCSLU0000000070001211,1
ISCSLU0000000070001410,1
ISCSLU0000000070001411,2
ISCSLU0000000070001412,1
ISCSLU0000000070001511,2
ISCSLU0000000070001610,1
ISCSLU0000000070001711,1
ISCSLU0000000070001712,1
ISCSLU0000000070001812,1
ISCSLU0000000070001910,2
ISCSLU0000000070001911,2
ISCSLU0000000070001912,1
ISCSLU0000000070002011,15
ISCSLU0000000070002012,1
ISCSLU0000000070002111,2
ISCSLU0000000070002211,3
ISCSLU0000000070002212,1
ISCSLU0000000070002311,2
ISCSLU0000000070002411,1
ISCSLU0000000070002412,1
ISCSLU0000000070002511,2
ISCSLU0000000070002512,1
ISCSLU0000000070002611,1
ISCSLU0000000070002810,1
ISCSLU0000000070002811,3
ISCSLU0000000070002910,1
ISCSLU0000000070002911,2
ISCSLU0000000070003010,1
ISCSLU0000000070003011,1
ISCSLU0000000070003111,2
ISCSLU0000000070003211,1
ISCSLU0000000070003311,1
ISCSLU0000000070003411,1
ISCSLU0000000070003510,1
ISCSLU0000000070003610,1
ISCSLU0000000070003710,1
ISCSLU0000000070003810,1
ISCSLU0000000070003910,1
ISCSLU0000000070004010,1
ISCSLU0000000070004011,1
ISCSLU0000000070004110,2
ISCSLU0000000070004111,1
ISCSLU0000000070004211,1
ISCSLU0000000070004310,1
ISCSLU0000000070004311,1
ISCSLU0000000070004410,2
ISCSLU0000000070004411,1
ISCSLU0000000070004510,1
ISCSLU0000000070004610,1
ISCSLU0000000070004611,1
ISCSLU0000000070004710,1
ISCSLU0000000070004711,1
ISCSLU0000000070004810,1
ISCSLU0000000070004811,1
ISCSLU0000000070005010,1
ISCSLU0000000070005011,1
ISCSLU0000000070005211,1
ISCSLU0000000070005310,2
ISCSLU0000000070005410,1
ISCSLU0000000070005610,1
ISCSLU0000000070005910,1
ISCSLU0000000070006310,1
ISCSLU0000000070006510,1
ISCSLU0000000070006710,1
ISCSLU0000000070007510,1
ISCSLU0000000070008710,1
ISCSLU0000000070008810,2
ISCSLU0000000070008910,1
ISCSLU0000000070009010,1
ISCSLU0000000070009310,1
ISCSLU0000000070009410,1
ISCSLU0000000070009510,1
ISCSLU0000000070009610,1
ISCSLU0000000070009810,1
ISCSLU0000000070009910,1
ISCSLU0000000070010010,1
ISCSLU000000007010,1
ISCSLU00000000701010,1
ISCSLU00000000701011,3
ISCSLU000000007010208,1
ISCSLU000000007011,1
ISCSLU0000000070110,2
ISCSLU00000000701108,1
ISCSLU0000000070111,1
ISCSLU00000000701110,2
ISCSLU00000000701111,1
ISCSLU0000000070112,1
ISCSLU00000000701210,1
ISCSLU00000000701211,3
ISCSLU00000000701212,1
ISCSLU00000000701310,2
ISCSLU00000000701311,3
ISCSLU00000000701411,3
ISCSLU00000000701412,2
ISCSLU00000000701508,1
ISCSLU00000000701510,1
ISCSLU00000000701511,4
ISCSLU00000000701610,2
ISCSLU00000000701611,2
ISCSLU00000000701612,1
ISCSLU00000000701710,1
ISCSLU00000000701711,2
ISCSLU00000000701809,1
ISCSLU00000000701810,3
ISCSLU00000000701811,3
ISCSLU00000000701812,1
ISCSLU00000000701909,1
ISCSLU00000000701910,2
ISCSLU00000000701911,2
ISCSLU00000000701912,2
ISCSLU00000000702008,1
ISCSLU00000000702010,1
ISCSLU00000000702011,6
ISCSLU00000000702108,1
ISCSLU0000000070211,2
ISCSLU00000000702110,2
ISCSLU0000000070212,2
ISCSLU00000000702208,1
ISCSLU00000000702210,2
ISCSLU00000000702308,1
ISCSLU00000000702309,1
ISCSLU00000000702310,1
ISCSLU00000000702311,6
ISCSLU00000000702312,1
ISCSLU00000000702409,1
ISCSLU00000000702410,2
ISCSLU00000000702411,1
ISCSLU00000000702510,1
ISCSLU00000000702511,1
ISCSLU00000000702608,1
ISCSLU00000000702610,2
ISCSLU00000000702611,2
ISCSLU00000000702612,1
ISCSLU00000000702710,1
ISCSLU00000000702711,3
ISCSLU00000000702810,1
ISCSLU00000000702812,1
ISCSLU00000000702910,1
ISCSLU00000000702911,2
ISCSLU00000000703011,1
ISCSLU00000000703012,1
ISCSLU0000000070310,1
ISCSLU00000000703108,1
ISCSLU0000000070311,5
ISCSLU00000000703111,1
ISCSLU0000000070312,2
ISCSLU00000000703208,1
ISCSLU00000000703210,1
ISCSLU00000000703312,1
ISCSLU00000000703408,1
ISCSLU00000000703410,2
ISCSLU00000000703412,1
ISCSLU00000000703510,1
ISCSLU00000000703511,2
ISCSLU00000000703512,1
ISCSLU00000000703710,3
ISCSLU00000000703810,2
ISCSLU00000000703910,1
ISCSLU00000000704010,1
ISCSLU0000000070408,1
ISCSLU0000000070410,1
ISCSLU0000000070411,2
ISCSLU00000000704110,1
ISCSLU0000000070412,1
ISCSLU0000000070413,1
ISCSLU00000000704210,2
ISCSLU00000000704310,1
ISCSLU00000000704410,2
ISCSLU00000000704509,1
ISCSLU00000000704510,1
ISCSLU00000000704610,2
ISCSLU00000000704710,2
ISCSLU00000000704810,3
ISCSLU00000000704910,2
ISCSLU00000000705010,2
ISCSLU0000000070508,1
ISCSLU0000000070510,2
ISCSLU0000000070511,2
ISCSLU00000000705110,1
ISCSLU0000000070512,1
ISCSLU00000000705410,1
ISCSLU00000000705509,1
ISCSLU00000000705510,2
ISCSLU00000000705610,1
ISCSLU00000000705709,1
ISCSLU00000000705810,1
ISCSLU00000000706010,1
ISCSLU0000000070610,2
ISCSLU0000000070611,3
ISCSLU00000000706209,1
ISCSLU00000000706409,1
ISCSLU00000000706609,1
ISCSLU00000000706610,1
ISCSLU00000000706909,1
ISCSLU00000000707010,1
ISCSLU0000000070710,2
ISCSLU0000000070711,2
ISCSLU00000000707210,1
ISCSLU00000000707410,1
ISCSLU00000000707710,1
ISCSLU0000000070810,1
ISCSLU0000000070811,3
ISCSLU0000000070812,1
ISCSLU00000000708210,1
ISCSLU00000000708610,1
ISCSLU0000000070910,3
ISCSLU0000000070911,2
ISCSLU00000000709110,1
ISCSLU0000000070912,1
ISCSLU0000000071,1
ISCSLU0000000072,26
ISCSLU0000000072211,1
ISCSLU0000000072411,1
ISCSLU0000000072511,1
ISCSLU0000000072611,1
ISCSLU0000000072711,1
KENT OPDEF WE 26-20,1
KENT OPDEF WE 76-21,1
KENT WE 59-22,1
KENT WE 85/22,1
LANC ME 14-21,1
LANC ME 47-22,1
LANC ME28-21,1
LANC OPDEF ME 103-23,1
LANC WE 09/23,1
LANC WE 21-20,1
LANC WE 84-22,1
LANC WE OPDEF 98-23,1
LANC-OPDEF-ME-126-23,1
LANCASTER WE 10-22,1
LEDB WE 06/07/10 - 22,1
LINK 11 14-22 & 16-22,1
Lancaster WE 93-22,1
MDWY ME 08-21,1
MDWY OPDEF OP 01-21,2
MDWY OPOPDEF 08-23,1
MDWY-OPDEF-WE-09/22,1
ME  04-21,1
ME - 70/20,1
ME 007-21 ,1
ME 007-23,1
ME 008-22,1
ME 01-22,1
ME 01-23,1
ME 02-22,1
ME 02-22 ,1
ME 028-20,1
ME 03-21,1
ME 03-22,1
ME 03-23,1
ME 030-20,1
ME 033-20,1
ME 035-20,1
ME 04-21 031130Z FEB 21,1
ME 04-21 Cat C2,1
ME 048-20,1
ME 049-20,1
ME 05-23 C2,1
ME 052/053-20,2
ME 057-20,1
ME 06-19,1
ME 06-21,1
ME 06/21,2
ME 06/23,1
ME 061-23,1
ME 063-22 ,1
ME 065-21,1
ME 07-23,1
ME 08-21,1
ME 08-22,2
ME 08-23,1
ME 084-21,2
ME 09-20,1
ME 09-22,1
ME 09-22 / ME 10-22,1
ME 09-23,1
ME 10-21,2
ME 10-21; ME 19-20,1
ME 10-22,2
ME 10-22; ME 16-22,1
ME 10-23,1
ME 100-22,1
ME 101-22,1
ME 102-20,1
ME 103-22,2
ME 103-23,3
ME 105-21,1
ME 107-22,1
ME 108-20,1
ME 108-23 & ME 111-23,1
ME 109-20,1
ME 109-21,1
ME 11-18 ,1
ME 11-22,1
ME 113-21,1
ME 113-22,1
ME 113-23 ,1
ME 119-22,1
ME 119-22 (C2),1
ME 12-21 ,1
ME 12-23,1
ME 120-20,1
ME 127-23,1
ME 129-19 B2,1
ME 13-21,1
ME 13-22,3
ME 131-21,1
ME 136-20 ,1
ME 14-20,1
ME 14-21,2
ME 14-22,1
ME 144-20,1
ME 146-21,1
ME 15-21,1
ME 157-20,1
ME 159-20,1
ME 16 - 23,1
ME 16-21,1
ME 161-20,1
ME 162-20,1
ME 17-21 ,1
ME 17-22,1
ME 177-20,1
ME 18-21,1
ME 18-22,3
ME 18-23,1
ME 182-20,1
ME 185-23,1
ME 19-21,4
ME 19-21 100826Z Mar 21,1
ME 19-22,1
ME 19-22 050202Z JUN 22,1
ME 191-20 ,1
ME 20-115,1
ME 20-157        ,1
ME 20-161 / 20-160,1
ME 20-20,1
ME 20-21,1
ME 206-21/ ME 21-22 ,1
ME 21-04,1
ME 21-20,1
ME 21-206,1
ME 21-21,1
ME 21-22 & 80-22,1
ME 215-20,1
ME 22-116 290812 Z MAY ,1
ME 22-156,1
ME 22-198,1
ME 22-22,1
ME 22-37 and ME 22-38,1
ME 22-40,2
ME 23-024,1
ME 23-071,2
ME 23-12 & 32-21,1
ME 23-21,1
ME 23-22 030650Z JUL 22,1
ME 23-23,1
ME 23-23 101533Z APR 23,1
ME 232/21 ,1
ME 233-20,1
ME 24-20,1
ME 24-21,1
ME 24-22,2
ME 25-21,4
ME 25-22,1
ME 25-22 ,1
"ME 25-22, 26-22. 27-22",1
ME 25-23/ME 26-23,1
ME 26-20,1
ME 26-22,1
ME 27-20 ,1
ME 27-21,1
ME 27-22,2
ME 27-23,1
ME 28-22,2
ME 28-23,1
ME 28-23 Mid hip davit,1
ME 29-23,1
ME 29-23 110752Z JUL 23,1
ME 30-21,2
ME 30-22 MGF,1
ME 31-20,1
ME 31-21; ME 32-21,1
ME 31-22,4
ME 31-23,2
ME 32-21,1
ME 32-23,1
ME 33-20,1
ME 33-21,5
ME 33-22,1
ME 33-23,1
ME 34-21,1
ME 34-22,1
ME 35-20 140804Z JUN 20,1
ME 36-21,4
ME 36-22,1
ME 36-23 and ME 37-23,1
ME 37-22,1
ME 38-22,1
ME 38-23,1
ME 39-20 (C3),1
"ME 39-21, 40-21, 57-21",1
ME 40-20 (B2) ,1
ME 40-21,1
ME 41-20 (B2) ,1
ME 41-20 A2 ,1
ME 41-21,1
ME 41-23,1
ME 42-21; ME 45-21,1
ME 42-22,1
ME 43/44/45-20,1
ME 44-20,1
ME 44-21,1
ME 45-20,1
ME 45-21,1
ME 46-22,1
ME 46/22,1
ME 47-20,2
ME 47-21,1
ME 48-21 - FWD DG LO Pp,1
ME 48-23,1
ME 49-20,1
ME 49-21; ME 50-21; ME ,1
ME 5/14/60/107-21,1
ME 50-22,1
ME 50-23,1
ME 51-20,1
ME 51-23,1
ME 52-22,3
"ME 52-22, EDTM 26-22",1
ME 53-21,2
ME 54-20,1
ME 54-23,1
ME 55-20,1
ME 55-20 021354ZSEP22,1
ME 55-21 and ME 18-22,1
ME 56-21,1
ME 56-22,1
ME 56-23,1
ME 57-20 and 02-21,1
ME 57-22,1
ME 58-20,1
ME 58-22,3
ME 58-22 and ME 67-22,1
ME 59-21,1
ME 61-22,1
ME 61-22 & ME 62-22,1
ME 61-22 and ME 10-23.,1
ME 61-23,1
ME 62-22 161831ZOCT22,2
ME 63-20,1
ME 63-22,1
ME 64-22,1
ME 65 - 22,1
ME 66-21,1
ME 66/67/68/69-22,1
ME 67-21 ,1
ME 68-22,1
ME 68-23,2
ME 68/21 ,1
ME 68/23,1
ME 69-23,1
ME 72-22,1
ME 76-20,1
ME 76-20 & ME 58-21,1
ME 76-21,1
ME 77-22,1
ME 78-23,1
ME 79-22,1
ME 79-23,1
ME 80-20,1
ME 81-20,1
ME 82-22 and ME 94-22,1
ME 82-23,1
ME 85-21 ,1
ME 86-22,1
ME 88-22,2
ME 89-21,1
ME 90-20,1
ME 91-22,1
ME 93-22,2
ME 95-20 DGF1 SALT PP,1
ME 95-21,1
ME 97-20,1
ME 97-20 011450Z Dec 20,1
ME 98/20 & ME 113/20.,1
ME DEFREP 07-20 ,1
ME ME22-083,2
ME OPDEF 03-23,1
ME OPDEF 07/22,1
ME OPDEF 08-21,1
ME OPDEF 084-22,2
ME OPDEF 09/22,1
ME OPDEF 097-21,1
ME OPDEF 10-22,1
ME OPDEF 101-22 (CAT B2,1
ME OPDEF 107-21,1
ME OPDEF 12-22 (A2)  ,1
ME OPDEF 12/21 & 21/21,1
"ME OPDEF 120-20, 121-20",1
ME OPDEF 130-22 (Rect),1
ME OPDEF 19-22,1
ME OPDEF 20-162/163/173,1
ME OPDEF 21-23,1
ME OPDEF 22-22,1
ME OPDEF 24 - 22,14
ME OPDEF 24- 22,1
ME OPDEF 29-23,3
"ME OPDEF 42-21, 03-21",1
ME OPDEF 45-23,1
ME OPDEF 46-23,1
ME OPDEF 49-22,1
ME OPDEF 50/23,1
ME OPDEF 56-22,2
ME OPDEF 61 - 22,1
ME OPDEF 63-21,1
ME OPDEF 70-20 MEPS,1
ME OPDEF 77-20,1
ME OPDEF 83-20,1
ME OPDEF 87/20,1
ME OPDEF 88-22 CAT B2,1
ME OPDEF 89-21,1
ME OPDEF 89-22 CAT B1,1
ME OPDEF 90-22 (A1),1
ME OPDEF 91/21,1
ME OPDEF 92-21,1
ME OPDEF ME14-22,1
ME- 60-21,1
ME-027-20,1
ME-07-22,1
ME-102/23,1
ME-21-166,1
ME002,1
ME005-22,1
ME006-22,1
ME007-22,1
ME014-22,1
ME017-23 A2 281552Z JUN,1
ME021-21 H2 DG OOA B2,1
ME021-23 B4 Refers,1
ME024-21 B2 ,1
ME026-21,1
ME032-20,1
ME035-21,1
ME038-20,1
ME04-21,1
ME040-21,1
ME044-23,1
ME046-23,1
ME047-21,1
ME049-17,1
ME050-20,2
ME060-22,1
ME072-23,1
ME08-20,1
ME08-21,1
ME095-21,1
ME098-20,1
ME111-21,2
ME113-21,1
ME113-22,1
ME12-20 HI-FOG SYSTEM  ,1
ME12-21,1
ME127-20 to ME 155-20,1
ME129 - 22,1
ME13-22,1
ME14-22 B2,1
ME18-22 DTG141243ZMar22,1
ME181-21,1
ME19-22,1
ME192-20,1
ME20-111,2
ME20-187,1
ME20-230,1
ME21-167,1
ME21-187,1
ME21-200 ,1
ME21-242,1
ME21-247,1
ME21-292,1
ME22-012,1
ME22-052,1
ME22-069,2
ME22-077,1
ME22-146,1
ME22-187,1
ME22-19,1
ME222-20,1
ME23-085,1
ME23-098,1
ME23-107,1
ME23-124,1
ME23-126,1
ME23-131.,1
ME23-21,1
ME28-21,1
ME30-23 to ME37-23,1
ME39-20,1
ME39-23,1
ME41-20,3
ME44-21,1
ME45-21,1
ME46-23,1
ME49-20,1
ME49-21,1
ME49-22,1
ME52-22,2
ME52-22 ME52-22,1
ME59-21,1
ME60-20,1
ME65-20,1
ME78-2 /ME88-23,1
ME84-20,1
ME96-20,1
ME999-23,2
MEDWAY OPDEF WE 20-22,1
MEDWAY WE OPDEF 29-23,1
MEOPDEF 22-07,1
MEOPDEF 30-23,1
MEOPDEF 34-23,1
MEOPDEF 67-23,1
MERSEY WE 05-21,1
MERSEY WE OPDEF 12-22,1
MIDD ME 54-22,1
MIDD OPDEF ME 10-22,2
MIDD OPDEF ME 48-22,1
MIDD OPDEF ME 60-22,1
MIDD OPDEF ME 68-22,1
MIDD OPDEF ME 99-21,1
MONTROSE ME OPDEF 81-20,1
MONTROSE ME OPDEF 91-20,1
MONTROSE OP 18-20 ,1
MONTROSE OPDEF ME 94-20,1
MRSY ME 05-21,1
MRSY OPDEF ME 16-21 A2,1
MRSY OPDEF ME 26-20,1
MTRO ME 66-22,1
MTRO OPDEF WE 11-21,1
MTRO WE 17-21 B2,1
MTRO WE 44-21 A1,1
MTRO WE OPDEF 38/21,1
MTRO WE16-22 & WE68-21,1
Me22-074,1
NORT WE 83-22 (B2),1
NORTHUMBERLAND WE 65/22,1
OP 008-22,1
OP 01/21,1
OP 02-21,1
"OP 02-21, WE 10-20",1
OP 02-22,1
OP 04-21,2
OP 04-22,1
OP 05-22 290845Z JUN 22,1
OP 07-21,1
OP 10-23 & WE 42-22,1
OP 11-21,2
OP 11/22,1
OP OPDEF 004-21 ICMS B2,1
OP OPDEF 01-22,1
OP OPDEF 01-23,1
OP OPDEF 02-21 ,1
OP OPDEF 02-22,1
OP OPDEF 03-23,1
OP OPDEF 06-22,1
OP OPDEF 07-23,1
OP OPDEF 15-22,1
OP OPDEF 30-20,1
OP009-22,2
OP011-21,1
OPDEF / ME 33-21,1
OPDEF 01/22,1
OPDEF 28-22,1
OPDEF 32-23 ,1
OPDEF 34-23,1
OPDEF 39-23,1
OPDEF 67-22,1
OPDEF 69-20,1
OPDEF 74-22,1
OPDEF 76-19,1
OPDEF 82-21,1
OPDEF ARGUS ME 027-20,1
OPDEF DNTL WE 66-22,1
OPDEF HURWORTH WE 53-22,1
OPDEF KENT-WE 60-21,1
OPDEF MATDEM ME 61-22,1
OPDEF MATDEM ME 76-22,1
OPDEF MATDEM ME 76-22 ,1
OPDEF ME 01-21 LP Air ,1
OPDEF ME 04-22,1
OPDEF ME 05-23 (C2),1
OPDEF ME 06-23,1
OPDEF ME 06-23 GALLEY,1
OPDEF ME 064-21  ,1
OPDEF ME 077-23,1
OPDEF ME 10-22,1
OPDEF ME 111-22,1
OPDEF ME 114-22,1
OPDEF ME 118-22,1
OPDEF ME 12-21 ,1
OPDEF ME 12-22,1
OPDEF ME 120/20,1
OPDEF ME 121/20,1
OPDEF ME 125-22,1
OPDEF ME 126-22,1
OPDEF ME 14-21 ,1
OPDEF ME 15/20 + 17/20,1
OPDEF ME 16-21,1
OPDEF ME 17-21,1
OPDEF ME 17-23,1
OPDEF ME 18-23,1
OPDEF ME 21-22,1
OPDEF ME 23-21,1
OPDEF ME 28-21,2
OPDEF ME 28-21 & 29-21,1
OPDEF ME 28-23,1
OPDEF ME 29-21,1
OPDEF ME 30-21,2
OPDEF ME 31-23,2
OPDEF ME 32-21,1
OPDEF ME 33-20,1
OPDEF ME 33-22,1
OPDEF ME 34-14,1
OPDEF ME 34-20,1
OPDEF ME 34-20 ,1
OPDEF ME 34-21,1
OPDEF ME 34-23,1
OPDEF ME 37-21,1
OPDEF ME 44-20,1
OPDEF ME 48-22,1
OPDEF ME 50-23,1
OPDEF ME 52-22,2
OPDEF ME 53-22 (RECT),1
OPDEF ME 55-21,1
OPDEF ME 64-20 ,1
OPDEF ME 64-22,1
OPDEF ME 70-20 ,1
OPDEF ME 74-23,1
OPDEF ME 87-22,1
OPDEF ME 88-20,1
OPDEF ME-162/163/173,1
OPDEF ME118-20,1
OPDEF ME12-23,1
OPDEF ME22-135,1
OPDEF ME23-049,1
OPDEF ME24-22,1
OPDEF ME30-20,1
OPDEF ME32-21,1
OPDEF MIDD ME 99-21,2
OPDEF OP 10-20 B2,1
OPDEF OP 11-20 ,1
OPDEF OP 14-22,1
OPDEF OP 6-21,4
OPDEF WE 01-20,1
OPDEF WE 01-22,1
OPDEF WE 01-22 (A2),1
OPDEF WE 01-23,1
OPDEF WE 03-21     ,1
OPDEF WE 03-23,1
OPDEF WE 030-21,1
OPDEF WE 038-18 b2,1
OPDEF WE 04-22,1
OPDEF WE 044-20 ,1
OPDEF WE 046-20,1
OPDEF WE 06-19,1
OPDEF WE 06-21,1
OPDEF WE 06-23,1
OPDEF WE 07-22,1
OPDEF WE 07-23,1
OPDEF WE 08-23,1
OPDEF WE 100-22,1
OPDEF WE 108-22,1
OPDEF WE 12-22,1
OPDEF WE 13-21,1
OPDEF WE 13-23,3
OPDEF WE 14-21,1
OPDEF WE 14-22,1
OPDEF WE 14-22 ,1
OPDEF WE 14/21,1
OPDEF WE 15-20 ,1
OPDEF WE 15-21,2
OPDEF WE 15-22,2
OPDEF WE 15-23,1
OPDEF WE 15/20/21-21,1
OPDEF WE 16-22,1
OPDEF WE 16-22 GWS35 B2,1
OPDEF WE 16-23,1
OPDEF WE 17-22,1
OPDEF WE 177-23,1
OPDEF WE 18-22 MML ,1
OPDEF WE 181259Z MAR 22,2
OPDEF WE 19-20,1
OPDEF WE 19-22,2
OPDEF WE 19-23 GMDSS,1
OPDEF WE 20-21/21-21,1
OPDEF WE 20-23 (RT1084),1
OPDEF WE 20/23,1
OPDEF WE 22-21,1
OPDEF WE 23-20,1
OPDEF WE 23-23,1
OPDEF WE 25-22,1
OPDEF WE 27 – 22 ,1
OPDEF WE 27-21.,1
OPDEF WE 27-22,3
OPDEF WE 27-23,1
OPDEF WE 29-20,1
OPDEF WE 29-21,1
OPDEF WE 29-23,1
OPDEF WE 30-20,1
OPDEF WE 33/22 ,1
OPDEF WE 34-22,2
OPDEF WE 35-21,1
OPDEF WE 38-20 Talkback,1
OPDEF WE 39-22,1
OPDEF WE 39-22 MCG C2,1
OPDEF WE 40-19 C2 ,1
OPDEF WE 40-20,1
OPDEF WE 40-21,1
OPDEF WE 40-22,1
OPDEF WE 41-23 INBS B2,2
OPDEF WE 42-21,1
OPDEF WE 42-21 B2,1
OPDEF WE 42-23,1
OPDEF WE 43-21,1
OPDEF WE 43-21 ,1
OPDEF WE 44-21,1
OPDEF WE 46-20 GWS35,1
OPDEF WE 46-22,1
OPDEF WE 46-23 (RECT),1
OPDEF WE 46-23 30MM BFM,1
OPDEF WE 47-20 CESM,1
OPDEF WE 47-21 UAT,1
OPDEF WE 47-22,1
OPDEF WE 49-20,2
"OPDEF WE 51-22, 69-22",1
OPDEF WE 52-22,1
OPDEF WE 54-21,1
OPDEF WE 54-22,1
OPDEF WE 54-22 HRDF C2,1
OPDEF WE 55-21,1
OPDEF WE 55-21 GSA8 A2,1
OPDEF WE 57-20 ,1
OPDEF WE 57-20 CESM,1
OPDEF WE 59-22,1
OPDEF WE 59-22 & 67-22,1
OPDEF WE 60-22 ,1
OPDEF WE 61-23,1
OPDEF WE 62-21,1
OPDEF WE 62-22,1
OPDEF WE 63-22,2
OPDEF WE 64-22,2
OPDEF WE 65-22,1
OPDEF WE 65/22,1
OPDEF WE 67-22,1
OPDEF WE 68-22,1
OPDEF WE 69-22 HRDF B2,1
"OPDEF WE 70-22,",1
OPDEF WE 71-22,1
OPDEF WE 77-23,1
OPDEF WE 78-20 (B2),1
OPDEF WE 79-22,2
OPDEF WE 79-23,2
OPDEF WE 82-23,2
OPDEF WE 88-23,1
OPDEF WE 93-23 (A2),1
OPDEF WE 95-22,1
OPDEF WE 96-22,1
OPDEF WE 98-22,1
OPDEF WE XX/23,1
OPDEF WE-76-22 SITREP 4,1
OPDEF WE006-23,1
OPDEF WE34-20,1
OPDEF WE46-20,1
OPDEF-MONT-WE-81-20,1
OPDEF:134-20,1
OPDEFWE-19-23,1
OPDF ME 01-21,1
OPS 04-20,1
PEMB ME 08-22 ,1
PENZ ME 50-21,1
PENZ ME 51-20,1
PENZ ME OPDEF 02-21,1
PENZ ME OPDEF 34-22,1
PENZ WE 18-20 ES800,1
PENZ-ME-28-21,1
PORLTAND-OPDEF-WE 78-23,1
PORTLAND OPDEF WE 33-22,1
PORTLAND OPDEF/WE 56-22,1
PORTLAND WE OPDEF 84-23,1
PROTECTOR WE 17-21,1
PROTECTOR WE 18-21,1
PROTECTOR WE 19-23,1
PROTECTOR WE 27-21,1
PRTR ME-OPDEF 30-21,1
PRTR OPDEF ME 04-22 DTG,1
PTLD 271612Z Mar 21,1
PTLD OP OPDEF 15-22,1
PTLD WE 48-22,1
PWLS MEOPDEF192-22,1
PWLS OP OPDEF OP 05-21,2
PWLS OPDEF WE 31-22,1
PWLS WE 01-21,1
PWLS WE 12-21,1
PWLS WE 14-21,1
PWLS WE 27-23,1
PWLS WE 35-20,1
"PWLS WE 62-21, OP 02-21",1
PWLS WE 66-22,1
PWLS WE OPDEF 44-22,1
QNLZ WE 51-21 (C2),2
QNLZ WE 55-16,1
RCMD WE 64-22,1
RCMD WE OPDEF 11-21,1
RCMD WE OPDEF 55-22,1
RCMD-ME-02-22,1
RCMD-ME-32-20,1
RFA ARGUS WE010-23 SIT3,1
RICHMOND OPDEF WE 08-21,1
RICHMOND WE 65-22,1
Richmond WE 49-21,1
SCOTT ME 28-20,1
SHOR ME 13-21,1
SHOR WE 60-20,1
SHOR WE 61-20,1
SMST OPDEF ME 022-23,1
SMST OPDEF WE 064-22 ,1
SMST-WE 019-22,1
SOMERSET OPDEF WE 04-22,1
SOMERSET/WE 03-22,1
SPEY ME 31-23,1
SPEY ME 43-23,1
SPEY OPDEF ME ,1
SPEY OPDEF ME 21-22,1
SPEY OPDEF ME 29-22,1
SPEY OPDEF ME 47-22,1
SPEY WE 22-21,1
SVRN ME OPDEF 08-23,1
SVRN OPDEF ME 37-22,1
See Section 4.,1
TAMR ME 49-21,1
TBC,1
TRENT OPDEF 06-21,1
TRENT OPDEF ME 43-20,1
TRENT WE 21-22 B2,1
TRNT ME 07-23.,1
TRNT ME 40-22 & ME 41-2,1
TRNT OPDEF ME 47-22.,1
TRNT OPDEF ME 54-22,1
TRNT WE 02-21 ,1
TYNE ME 16-21,1
TYNE ME OPDEF 22-23,1
"Various, see text.",1
WE 001-21,1
WE 006-23,1
WE 009-023,1
WE 009-23,1
WE 01-21,2
WE 01-21 RRB AFT,1
WE 01-23,2
WE 01/22 A1,1
WE 014-23  ,1
WE 014-23 (A1),1
WE 016-23 ,1
WE 017-20 and WE 001-21,1
WE 019-21,1
WE 02-22,1
WE 022-22,1
WE 023-22,1
WE 029-22,1
WE 03-21,2
WE 03-22 021435z Feb22,1
WE 03-23,2
WE 037-22,1
WE 038-18 B2,1
WE 039-23 & WE 045-23,1
WE 04-20,1
WE 04-21,1
WE 04-22,1
WE 04-23,1
WE 040-23,1
WE 043-20 170824Z SEP20,1
WE 044-22,1
WE 046-17,1
WE 046-20,1
WE 05-22,1
WE 05-23,1
WE 050-22,1
WE 051-23,1
WE 06-20,1
WE 06-21,1
WE 06-22,1
WE 06-22.,1
WE 06-23,2
WE 067-21 ,1
WE 07-20 (RECT),1
WE 07-22,1
WE 072-22,1
WE 08-20,1
WE 08-21,1
WE 08-22,1
WE 08-22 122257Z APR 22,1
WE 08-22 311217Z MAR 22,1
WE 08-23,3
WE 084-21,1
WE 086-18 231928Z OCT18,1
WE 09-20,2
WE 09-22,2
WE 09-23,4
WE 09/21,1
WE 10-23,1
WE 100-22 ,1
WE 11-22,1
WE 11-23,1
WE 116-22,1
WE 117-22,1
WE 12 - 22,1
WE 12-20,1
WE 12-22,1
WE 12-23,1
WE 12/23,1
WE 13-21 ASCG,1
WE 13-22,1
WE 14-19,1
WE 14-22 and WE 13-22,1
WE 14-23,1
WE 14-23 RT1024,1
WE 15-20,1
WE 15-20 refers ,1
WE 15-21,1
WE 15-22,7
WE 16-21,1
WE 16-23,2
WE 17-21,3
WE 17-22,1
WE 17-23,3
WE 18-22,1
WE 18-22 (B1),1
WE 19-20 ,1
WE 19-21 & WE24-21,1
WE 19-21 241130Z MAR 21,1
WE 19-22,2
WE 19-22 071445Z MAR 22,1
WE 19-23,2
WE 19-23 B2,1
WE 20-042 170823ZSEP 20,1
WE 20-22,1
WE 21-13,1
WE 21-21,1
WE 21-21 271700Z MAR 21,1
WE 21-22,2
WE 21-22 111200P Nov 22,1
WE 22-21 ,1
WE 22-22 031201Z SEP 22,1
WE 22-23,2
WE 23-20,1
WE 23-21,1
WE 23-21 151430Z SEP 21,1
WE 23-22,4
WE 23-23,1
WE 24-21,1
WE 24-22,1
WE 25-22,1
WE 25-22 281635Z APR 22,1
WE 25-23,1
WE 25-23 ,1
WE 26 -23 SCCS,1
WE 26-20 (C2),1
WE 26-23 010958Z JUN 23,1
WE 26/20 250752Z SEP 20,1
WE 27-21 B2,1
WE 27-22,1
WE 27-23,2
WE 27-23_271648Z MAY 23,1
WE 28-21,2
WE 28-22,2
WE 28/21,1
WE 29 -20 LRR,1
WE 29-20,1
WE 29-21,1
WE 29-22,2
WE 29-22 ,1
WE 29-22 061516Z Apr 22,1
WE 30-20 (cancelled),1
WE 30-21,1
WE 30-22,1
WE 30-23,1
WE 30-23 201455ZJUN23,1
WE 31-20,1
WE 31-21,1
WE 31-22 021152Z MAY 22,1
WE 31-23,1
WE 32-21,3
WE 32-21 ,1
WE 32-22 B2,1
WE 32-23,1
WE 32-23 A2,1
WE 33-20,1
WE 33-23 ,1
WE 34-18,1
WE 34-23,2
WE 34-23 (A1),1
WE 35-23,1
WE 36-20,1
WE 36-21,1
WE 36-22,3
WE 36-23,1
WE 37-21,2
WE 37-21 ,1
WE 37-23,2
WE 38-21,1
WE 38-22,2
WE 38-23 181208Z JUL 23,1
WE 38/21,1
WE 39-20,1
WE 39-21,1
WE 39-22 and WE15-23,1
WE 39/20,1
WE 40-20,1
WE 40-22,1
WE 41-20,1
WE 41-22,1
WE 41-22 071523Z DEC 22,1
WE 41-22 and WE42-22,1
WE 41/23,1
WE 43-20,1
WE 43-21,2
WE 43-21 ,1
WE 43-21 (C2),1
WE 43-22,2
WE 43-23 091855Z MAY 23,1
WE 44 -20 ,1
WE 44-20,3
WE 44-21 (C2),1
WE 44-22,2
WE 44-22 121100Z JUN 22,2
WE 44-23,2
WE 45-20,2
WE 45-21,1
WE 45-21 151312Z JUL 21,1
WE 45-22,1
WE 45-22 031607Z AUG 22,2
WE 45-23,1
WE 45/23,1
WE 46-22 ,1
WE 46-23,2
WE 47-20,1
WE 48-20,3
WE 48-20 171002Z SEP 20,1
WE 48-21,1
WE 48-22,1
WE 49-22,4
WE 49-22 131301Z JUN 22,1
WE 50-21,2
WE 50-23,1
WE 51-20,1
WE 51-21,2
WE 51-22,2
WE 51/20,1
WE 52-22,1
WE 53-21,1
WE 53-21 Enoder 2 fail,1
WE 53-23,2
WE 54-20,1
WE 54-21,1
WE 54-21 Galley Heating,1
WE 55-20 ,1
WE 55-22,4
WE 56-20,1
WE 56-21,1
WE 57-22,2
WE 57-23,1
WE 58-21,1
WE 58-22 Cancelled,1
WE 58-23,2
WE 59-20,2
WE 59-22,2
WE 59/22,1
WE 60-21,5
WE 60-22,2
WE 60-23,1
WE 60-23 ,1
WE 61-22,2
WE 61-23,2
WE 62-20,1
WE 62-23,1
WE 63/21,1
WE 64-21,1
WE 64-22,1
WE 64-23,2
WE 65-22,1
WE 65-23,1
WE 67-21,2
WE 67-22,1
WE 67-23,1
WE 67-23 260636Z JUN 23,1
WE 68-20,1
WE 69-21,1
WE 69-23,1
WE 69/21,1
WE 70-21,1
WE 70-22,3
WE 71-22,2
WE 71-22 C2,1
WE 72-21,1
WE 72-22,2
WE 72-23,1
WE 73-22,1
WE 73-22 (C2),1
WE 74-23,2
WE 75-22,1
WE 77-22,1
WE 77-23,1
WE 78-21,1
WE 78-23,1
WE 80-20 081402Z DEC 20,1
WE 80-22,1
WE 80/21,1
WE 82-21,1
WE 82-22 S2087 TBHS B2,1
WE 83-23,1
WE 84-21,1
WE 85-20/080832Z NOV 20,1
WE 86 - 20,1
WE 86-22,2
WE 87-21,2
WE 88-23,1
WE 89-21,1
WE 90-20,1
WE 90-21,1
WE 92-20,1
WE 94-20 090550Z OCT 20,1
WE 97-20,1
WE DEFREP 23-23 ,1
WE OPDEF 01-22,2
WE OPDEF 02-23,1
WE OPDEF 03-21,1
WE OPDEF 04-23,1
WE OPDEF 05-22,1
WE OPDEF 051-23,1
WE OPDEF 06-22,1
WE OPDEF 07-21 011902Z ,1
WE OPDEF 08-22,1
WE OPDEF 08-23,1
WE OPDEF 08-23 B2,1
WE OPDEF 09-22,1
WE OPDEF 100-20,1
WE OPDEF 11-23,1
WE OPDEF 12-22,1
WE OPDEF 12-23,1
WE OPDEF 16-21,1
WE OPDEF 16-22,1
WE OPDEF 16-23,1
WE OPDEF 17-20,1
WE OPDEF 17-21,1
WE OPDEF 21-22 081020Z ,1
WE OPDEF 22-20,1
WE OPDEF 22-21,1
WE OPDEF 22-22,2
WE OPDEF 23-21,1
WE OPDEF 23/21,1
WE OPDEF 25-21,1
WE OPDEF 25-23,1
WE OPDEF 26-21,1
WE OPDEF 26-22,1
WE OPDEF 26-23,1
WE OPDEF 27-23 S2193,1
WE OPDEF 28-21 ,1
WE OPDEF 29-21,1
WE OPDEF 29-23,1
WE OPDEF 36-22,1
WE OPDEF 43-19,1
WE OPDEF 47-23,1
WE OPDEF 48-20,1
WE OPDEF 54-23,3
WE OPDEF 54/22,1
WE OPDEF 59-21,1
WE OPDEF 59-22,1
WE OPDEF 61-20,1
WE OPDEF 61-22,1
WE OPDEF 61-23,1
WE OPDEF 64-21,1
WE OPDEF 66-21,1
WE OPDEF 68-22 ,1
WE OPDEF 71-22,1
WE OPDEF 75-21,1
WE OPDEF 88-22,1
WE OPDEF 89-20,1
WE OPDEF 92-22,1
WE opdef 17-21,1
WE010-23,1
WE04-22,1
WE044-23,1
WE048-23,1
WE05/16 (WECDIS),1
WE051-20,1
WE051-23,1
WE053-23,1
WE054-21,1
WE061-23,1
WE064-23,1
WE07-22,1
WE07-22 191657Z JAN 22,1
WE075-23,1
WE077-23,1
WE078-22,1
WE082-23,1
WE102-23 PORT EOSP DLTV,1
WE109-23 192353Z SEP 23,1
WE11-22,1
WE12-21,1
WE13-22 042019Z May 22 ,1
WE22-21,2
WE27/21  291201Z APR 21,1
WE29-23,1
WE30-21,1
WE33-20,1
WE37-20,1
WE37-23,1
WE38-22 DTG:051428Z APR,1
WE39-22,1
WE40/21 211455Z MAY 21,1
WE41-21,1
WE46-21,1
WE61-20,1
WE_28/22 142005Z JUN 22,1
WE_41_22,1
WE_53_22,1
WSTR OPDEF WE 08-22,1
WSTR OPDEF WE 38-22,1
WSTR WE 54-21,1
WSTR WE08-21 DAGR,1
We 44-21,1
dntl-we-53-23,1
me 158-21,1
me-028/20,1
nort we 61-22,1
opdef WE 49-23,1
opdef me 14-23 RECT,1
opdef me 156-23 ,1
opdef we 08-23,1
opdef we 44-23,1
see line 4 above,1
we 04-21,1
we 07-21,1
we 14-21,1
we 17-22,1
we 69-21,1
